sys_name,Mtp,dMtp,com,dcom,ms,dms,metal,dmetal,n_planets
TRAPPIST-1,0.017701,0.010374,0.02903990734986724,0.03440702778642578,0.08,0.006999999999999999,0.04,0.08,7
K2-138,0.1139,0.030500000000000003,0.08359609306409131,0.05375611798467766,0.93,0.06,0.16,0.04,6
GJ 876,2.8609999999999998,0.045,0.18530186378888502,0.005412808745368691,0.33399999999999996,0.03,0.05,0.2,4
WASP-47,2.5118,0.0974,0.7604618600207023,0.22036245527749676,1.11,0.49,0.18,0.07,4
Kepler-289,0.45099999999999996,0.077,0.48951219512195127,0.18417392244875888,1.08,0.02,0.05000000000000001,0.04,3
K2-229,0.15415,0.14735,0.12688697502432694,0.2500977234501108,0.8370000000000001,0.025000000000000005,-0.06,0.02,3
GJ 9827,0.032119999999999996,0.00465,0.03481848069738481,0.011313453774683666,0.659,0.06,-0.28,0.12,3
K2-3,0.03592,0.015130000000000001,0.12142177060133633,0.127788930656966,0.612,0.08600000000000001,-0.3,0.06,3
TOI-561,0.03793,0.015210000000000001,0.07346641181123122,0.06438362835878796,0.805,0.03,-0.4000000000000001,0.05000000000000001,3
EPIC 249893012,0.10572000000000001,0.016989999999999998,0.1356537079076807,0.06915225593408526,1.05,0.05000000000000001,0.20000000000000004,0.05000000000000001,3
LP 415-17,0.050699999999999995,0.0044,0.11349191321499015,0.024505215348046484,0.65,0.03,-0.3,0.20000000000000004,3
EPIC 248545986,0.011300000000000001,0.0034999999999999996,0.05629823008849557,0.03594900931944552,0.4000000000000001,0.01,-0.10000000000000002,0.10000000000000002,3
TOI-270,0.0438,0.0176,0.05505616438356164,0.048166403953211985,0.4000000000000001,0.02,-0.17,0.10000000000000002,3
Kepler-20,0.10229999999999999,0.02318,0.15959478005865102,0.08898479962619288,0.912,0.035,0.02,0.04,3
Kepler-18,0.128,0.021,0.08702031250000002,0.026563488769531258,0.972,0.042,0.20000000000000004,0.04,3
TOI-125,0.09356,0.00968,0.09739437793929027,0.02142459147554863,0.8590000000000001,0.038,-0.02,0.03,3
TOI-700,0.03607,0.0085,0.10315503188245079,0.05774770643196096,0.4160000000000001,0.01,-0.07,0.11,3
K2-290,0.8404,0.1134,0.2881945740123751,0.07941602176701969,1.194,0.077,-0.06,0.1,2
K2-38,0.049100000000000005,0.007600000000000001,0.07396688391038696,0.023682613395497775,1.07,0.05,0.28,0.04,2
TOI-402,0.05036,0.00775,0.09147388800635424,0.030813912471192324,0.851,0.034,0.03,0.04,2
EPIC 220674823,0.044300000000000006,0.012400000000000001,0.049550338600451466,0.04380167491299318,0.93,0.01,-0.025,0.05,2
TOI-763,0.06012,0.00566,0.0795076513639388,0.016064758927476608,0.917,0.027999999999999997,0.01,0.05,2
55 Cnc,0.86703,0.03235,0.11033633919241549,0.008302041074558715,1.015,0.051,0.31,0.04,2
LHS 1140,0.02765,0.00403,0.07984316455696203,0.024355784924577104,0.146,0.019,-0.24,0.1,2
TOI-216,0.6769999999999999,0.29300000000000004,0.19741299852289515,0.1786700274257139,0.77,0.03,-0.15,0.09,2
Kepler-87,1.0401,0.17,0.47472973752523795,0.18414128966377313,1.1,0.05,-0.17,0.03,2
HD 106315,0.07239999999999999,0.0222,0.1269290055248619,0.08057049616922562,1.07,0.03,-0.24,0.04,2
Kepler-68,0.025660000000000002,0.016300000000000002,0.06942351519875292,0.09630773568743854,1.079,0.051,0.12,0.07400000000000001,2
HAT-P-11,2.3735999999999997,0.5047,4.003581395348838,1.8764389577993594,0.809,0.03,0.31,0.05,2
K2-24,0.1511,0.03900000000000001,0.20631634679020516,0.10966603259310392,1.12,0.05,0.42,0.04,2
K2-233,0.036500000000000005,0.0217,0.11828756164383561,0.1398381941827735,0.79,0.01,-0.09,0.03,2
K2-19,0.13590000000000002,0.0072,0.08355481972038262,0.020621594569438958,0.93,0.05,0.1,0.04,2
TOI-1266,6.45,6.45,0.10555038759689923,0.21349534883720933,0.45,0.03,-0.05,0.5,2
HAT-P-46,2.493,0.352,0.3218797031688729,0.09901554573423316,1.284,0.06,0.3,0.1,2
HAT-P-44,1.992,0.231,0.571422891566265,0.14861686142158997,0.9390000000000001,0.040999999999999995,0.33,0.1,2
HD 38529,24.63,3.21,3.560427527405603,0.9711074853013393,1.48,0.05,0.27,0.05,2
EPIC 212737443,0.05937,0.01643,0.19088529560384032,0.10985860547028964,0.69,0.038,-0.13699999999999998,0.12,2
EPIC 249801827,0.030199999999999998,0.0015,0.08231655629139073,0.009989895180035964,0.58,0.01,-0.1,0.1,2
EPIC 211924657,0.04171999999999999,0.00133,0.030954697986577188,0.002975065875411018,0.331,0.009000000000000001,-0.02,0.12,2
Kepler-46,1.247,0.359,0.22085268644747394,0.12452551277838261,0.902,0.04,0.41,0.1,2
TOI-776,0.03386,0.00775,0.08493301831069107,0.04059039846154329,0.544,0.027999999999999997,-0.2,0.12,2
Kepler-411,0.08180000000000001,0.0195,0.2403447432762836,0.12340981043872284,0.83,0.1,0.23,0.48,2
Kepler-10,0.06458,0.00754,0.204625085165686,0.048296292074160314,0.91,0.021,-0.15,0.04,2
Kepler-103,0.22069,0.05076,0.5788994653133355,0.2578346679020567,1.099,0.03,0.07,0.11,2
Kepler-37,0.04715,0.0496,0.18768748674443264,0.39142490652224515,0.8029999999999999,0.068,-0.32,0.07,2
Kepler-56,0.639,0.082,0.1583643192488263,0.04600872328388695,1.32,0.13,0.2,0.16,2
pi Men,13.02517,1.00267,3.304225333980286,0.5472960540263208,1.094,0.039,0.08,0.03,2
Qatar-4,5.85,0.47,0.028610000000000003,0.005077162393162395,0.8959999999999999,0.063,0.10300000000000001,0.081,1
WASP-113,0.475,0.054000000000000006,0.05885,0.01348063157894737,1.318,0.069,0.1,0.09,1
WASP-108,1.167,0.091,0.0397,0.007191431019708653,1.167,0.092,0.05,0.11,1
WASP-109,0.91,0.13,0.0463,0.01432857142857143,1.203,0.09,-0.22,0.08,1
TOI-157,1.18,0.13,0.0318,0.00721677966101695,0.948,0.018000000000000002,0.24,0.09,1
WASP-110,0.515,0.064,0.0457,0.012558446601941746,0.892,0.07200000000000001,-0.06,0.1,1
TOI-150,2.51,0.12,0.0643,0.00884820717131474,1.249,0.12,0.25,0.09,1
TOI-132,0.07182999999999999,0.0057,0.026000000000000002,0.0071264095781706826,0.97,0.06,0.16,0.1,1
WASP-111,1.85,0.16,0.03914,0.007750162162162162,1.5,0.11,0.08,0.08,1
Qatar-10,0.736,0.09,0.028600000000000004,0.007594565217391305,1.156,0.068,0.016,0.08900000000000001,1
TOI-1235,0.0186,0.00195,0.03826,0.008512258064516129,0.63,0.024,0.33,0.16,1
WASP-112,0.88,0.12,0.0382,0.011518181818181816,0.807,0.073,-0.64,0.15,1
TIC 237913194,1.942,0.002,0.1207,0.003948609680741504,1.026,0.057,0.14,0.05,1
TOI-163,1.22,0.12,0.057999999999999996,0.012809836065573768,1.4352,0.028999999999999998,0.22,0.04,1
Qatar-8,0.371,0.062,0.04739999999999999,0.016642587601078163,1.0290000000000001,0.051,0.025,0.07,1
Qatar-7,1.88,0.25,0.0352,0.009561702127659574,1.409,0.026000000000000002,0.276,0.071,1
Qatar-6 A,0.6679999999999999,0.066,0.0423,0.00875868263473054,0.8220000000000001,0.021,-0.025,0.09300000000000001,1
Qatar-3,4.31,0.47,0.03783,0.00894062645011601,1.145,0.064,-0.040999999999999995,0.081,1
Qatar-5,4.32,0.18,0.04127,0.010139166666666668,1.128,0.055999999999999994,0.377,0.08,1
Qatar-9,1.19,0.16,0.0234,0.009292436974789917,0.7190000000000001,0.024,0.25,0.08,1
WASP-106,1.925,0.076,0.0917,0.008640727272727272,1.27,0.15,-0.09,0.09,1
WASP-107,0.12,0.01,0.055,0.010166666666666668,0.69,0.05,0.02,0.1,1
WASP-105,1.8,0.1,0.075,0.03833333333333334,0.89,0.09,0.28,0.16,1
TOI-824,0.058103999999999996,0.00592,0.021769999999999998,0.004756128321630181,0.69,0.006999999999999999,-0.15,0.02,1
TOI-564,1.463,0.096,0.02734,0.004118024606971976,1.1,0.1,0.15,0.08,1
TOI-849,0.12830999999999998,0.00771,0.01598,0.002050439560439561,0.929,0.023,0.19,0.03,1
TOI-905,0.667,0.042,0.04666,0.006876221889055472,0.85,0.1,0.2,0.1,1
POTS-1,2.31,0.77,0.03734,0.02579333333333333,0.695,0.05,-0.03,0.15,1
TrES-1,0.7609999999999999,0.05,0.0393,0.0058642575558475706,0.88,0.07,0.001,0.004,1
TrES-2 A,1.253,0.052000000000000005,0.03555,0.0037006783719074226,0.98,0.062,-0.15,0.1,1
TrES-3,1.91,0.07,0.0226,0.002956544502617801,0.924,0.04,-0.19,0.08,1
TrES-4,0.917,0.07,0.050839999999999996,0.008261832061068702,1.3880000000000001,0.042,0.14,0.09,1
TrES-5,1.778,0.063,0.02446,0.0018402858267716534,0.893,0.024,0.2,0.08,1
TOI-257,0.134,0.023,0.1523,0.0539820895522388,1.389,0.009000000000000001,0.19,0.1,1
WASP-10,3.16,0.23,0.0371,0.006700632911392405,0.71,0.071,0.03,0.2,1
WASP-100,2.03,0.12,0.0457,0.006402955665024631,1.57,0.1,-0.03,0.1,1
TOI-1899,0.66,0.07,0.1587,0.04116363636363636,0.627,0.027999999999999997,0.31,0.12,1
WASP-101,0.5,0.004,0.0506,0.0017096000000000001,1.34,0.07,0.2,0.12,1
TOI-1728,0.08426,0.01614,0.0391,0.015879207215760745,0.6459999999999999,0.023,0.25,0.1,1
TOI-172,5.41,0.2,0.0913,0.008450462107208874,1.124,0.063,0.146,0.08,1
WASP-102,0.624,0.045,0.0401,0.006183653846153845,1.167,0.035,0.09,0.19,1
WASP-103,1.49,0.08800000000000001,0.01985,0.002554697986577181,1.22,0.0039,0.06,0.13,1
TOI-169,0.7909999999999999,0.06,0.03524,0.00613614412136536,1.147,0.075,0.24,0.09,1
WASP-104,1.272,0.047,0.029180000000000005,0.0026063836477987425,1.02,0.09,0.32,0.09,1
Qatar-1,1.294,0.049,0.02332,0.0020861205564142197,0.838,0.016,0.171,0.094,1
NGTS-2,0.67,0.08900000000000001,0.0584,0.016615223880597014,1.64,0.22,-0.06,0.09,1
OGLE2-TR-L9,4.34,1.48,0.030800000000000004,0.02150645161290323,1.52,0.08,-0.05,0.2,1
Kepler-432,5.41,0.3,0.301,0.049382624768946386,1.35,0.1,-0.02,0.06,1
Kepler-7,0.433,0.042,0.06246000000000001,0.012576951501154737,1.36,0.03,0.11,0.03,1
Kepler-6,0.669,0.03,0.04567,0.004555964125560538,1.209,0.038,0.34,0.04,1
Kepler-539,0.97,0.29,0.4988,0.30365154639175257,1.048,0.045,-0.01,0.07,1
Kepler-538,0.0334,0.0079,0.3548,0.17463952095808385,0.96,0.04,-0.05,0.107,1
Kepler-5,2.114,0.064,0.05064,0.0037661873226111637,1.374,0.055999999999999994,0.04,0.06,1
Kepler-492,39.9,1.0,0.0987,0.0062473684210526325,0.925,0.033,0.14,0.12,1
Kepler-454,0.0215,0.0044,0.0954,0.04024744186046512,1.028,0.04,0.32,0.08,1
Kepler-45,0.505,0.09,0.027000000000000003,0.012623762376237626,0.59,0.06,0.08,0.05,1
Kepler-447,1.37,0.48,0.0769,0.06008613138686131,1.0,0.21,0.07,0.05,1
Kepler-44,1.02,0.07,0.0455,0.007545098039215687,1.19,0.1,0.26,0.1,1
Kepler-435,0.84,0.15,0.0948,0.03565714285714285,1.538,0.08800000000000001,-0.18,0.11,1
Kepler-434,2.86,0.35,0.1143,0.03097552447552447,1.198,0.09300000000000001,0.25,0.14,1
Kepler-43,3.23,0.19,0.0449,0.0062823529411764716,1.32,0.09,0.33,0.11,1
Kepler-75,9.9,0.5,0.08,0.01308080808080808,0.88,0.06,-0.07,0.15,1
Kepler-420 A,1.45,0.35,0.38199999999999995,0.19041379310344825,0.99,0.05,0.27,0.09,1
Kepler-412,0.9390000000000001,0.085,0.029589999999999998,0.006137082002129925,1.167,0.091,0.27,0.12,1
Kepler-41,0.49,0.09,0.028999999999999998,0.011653061224489796,0.94,0.09,-0.09,0.16,1
Kepler-40,2.2,0.4,0.08,0.032090909090909094,1.48,0.06,0.1,0.1,1
Kepler-4,0.077,0.012,0.0456,0.015112987012987014,1.2229999999999999,0.091,0.17,0.06,1
Kepler-39,18.0,0.91,0.155,0.04567222222222222,1.1,0.06,-0.29,0.1,1
Kepler-35 (AB),0.1268,0.0201,0.60347,0.19235093059936906,1.6971,0.006999999999999999,-0.34,0.2,1
Kepler-34 (AB),0.22,0.011000000000000001,1.0896,0.10985999999999999,2.0687,0.0033,-0.07,0.15,1
Kepler-21 A,0.016,0.00541,0.0427172,0.028887806499999998,1.34,0.06,-0.15,0.06,1
Kepler-19,0.026000000000000002,0.0047,0.08499999999999999,0.03223076923076923,0.9359999999999999,0.04,-0.13,0.06,1
Kepler-17,2.45,0.013999999999999999,0.025910000000000002,0.0006661142857142857,1.16,0.06,0.26,0.1,1
Kepler-1657,1.93,0.21,0.534,0.14620725388601039,1.01,0.06,0.16,0.07,1
Kepler-74,0.68,0.09,0.084,0.036235294117647046,1.4,0.11,0.34,0.14,1
Kepler-76,1.96,0.25,0.027999999999999997,0.010142857142857143,1.2,0.2,-0.1,0.2,1
OGLE-TR-211,0.75,0.15,0.051,0.021399999999999995,1.33,0.05,0.11,0.1,1
WASP-117,0.2755,0.009000000000000001,0.09459,0.00702010889292196,1.126,0.29,-0.11,0.14,1
OGLE-TR-182,1.06,0.15,0.051,0.015433962264150941,1.14,0.05,0.37,0.08,1
OGLE-TR-132,1.17,0.14,0.030599999999999995,0.008123076923076924,1.26,0.03,0.37,0.07,1
OGLE-TR-113,1.24,0.17,0.0229,0.006479032258064516,0.78,0.02,0.14,0.14,1
OGLE-TR-111,0.54,0.1,0.047,0.018407407407407407,0.82,0.15,0.12,0.28,1
OGLE-TR-10,0.68,0.15,0.04162,0.01840176470588235,1.18,0.04,0.28,0.1,1
OGLE-2012-BLG-0563L,0.39,0.23,0.74,1.292820512820513,0.34,0.2,-0.66,0.07,1
NGTS-9,2.9,0.17,0.057999999999999996,0.0098,1.34,0.05,0.31,0.15,1
NGTS-8,0.93,0.04,0.035,0.004010752688172043,0.89,0.05,0.24,0.09,1
NGTS-6,1.33,0.027999999999999997,0.016623018,0.0006999265473684209,0.7876,0.016,0.11,0.09,1
NGTS-5,0.22899999999999998,0.037000000000000005,0.0382,0.013644104803493453,0.6609999999999999,0.061,0.12,0.1,1
NGTS-4,0.0648,0.009000000000000001,0.019,0.010277777777777778,0.75,0.02,-0.28,0.1,1
NGTS-3A,2.38,0.26,0.023,0.009625210084033614,1.0170000000000001,0.09300000000000001,0.12,0.15,1
NGTS-12,0.20800000000000002,0.022000000000000002,0.0757,0.01741346153846154,1.021,0.049,-0.03,0.11,1
Kepler-77,0.43,0.032,0.04501,0.007329162790697675,0.95,0.04,0.2,0.05,1
NGTS-11,0.37,0.14,0.19999999999999998,0.15345135135135135,0.862,0.027999999999999997,0.22,0.08,1
NGTS-10,2.162,0.107,0.0143,0.0024154486586493986,0.696,0.04,-0.02,0.12,1
LTT 1445A,0.0264,0.0264,0.03807,0.07684,0.256,0.013999999999999999,-0.34,0.09,1
LHS 1815,0.0132,0.0047,0.0404,0.03816969696969697,0.502,0.015,-0.12,0.09,1
L 168-9,0.0145,0.00176,0.020909999999999998,0.0053160827586206895,0.62,0.03,0.04,0.17,1
Kepler-93,0.0126,0.0021,0.053,0.019666666666666666,0.9109999999999999,0.033,-0.18,0.1,1
Kepler-91,0.73,0.13,0.07200000000000001,0.032643835616438355,1.31,0.1,0.11,0.07,1
Kepler-88,0.6255,0.0334,0.1529,0.01842888888888889,1.022,0.026000000000000002,0.37,0.08,1
Kepler-86,0.34235,0.10099999999999999,0.8240000000000001,0.5051924930626551,0.94,0.02,-0.078,0.027999999999999997,1
Kepler-82,0.0658,0.003,0.3395,0.03505744680851064,0.85,1.66,0.15,0.1,1
Kepler-8,0.603,0.19,0.0483,0.03163781094527364,1.213,0.063,-0.055,0.03,1
Kepler-78,0.00531730799484,0.0012899977975599998,0.01,0.015852071005899356,0.81,0.05,-0.14,0.08,1
WASP-114,1.7690000000000001,0.064,0.02851,0.002452905596382137,1.2890000000000001,0.053,0.14,0.07,1
WASP-123,0.92,0.05,0.0431,0.005784782608695652,1.207,0.08900000000000001,0.18,0.08,1
WASP-118,0.514,0.02,0.054529999999999995,0.004723579766536964,1.32,0.035,0.16,0.11,1
WASP-65,1.55,0.16,0.0334,0.008595483870967742,0.93,0.16,-0.07,0.07,1
WASP-55,0.57,0.04,0.0533,0.008180701754385967,1.013,0.037000000000000005,-0.2,0.07,1
WASP-58,0.89,0.07,0.0561,0.010824719101123597,0.94,0.1,-0.45,0.09,1
WASP-6,0.503,0.038,0.0421,0.007661033797216698,0.888,0.08,-0.2,0.09,1
WASP-61,2.06,0.17,0.0514,0.00938349514563107,1.22,0.07,-0.1,0.12,1
WASP-62,0.57,0.04,0.05670000000000001,0.008657894736842107,1.25,0.05,0.04,0.06,1
WASP-63,0.38,0.03,0.05740000000000001,0.009763157894736843,1.32,0.05,0.08,0.07,1
WASP-66,2.32,0.13,0.05460000000000001,0.007018965517241382,1.3,0.07,-0.31,0.1,1
WASP-75,1.07,0.05,0.0375,0.004304672897196262,1.14,0.06,0.07,0.09,1
WASP-67,0.42,0.04,0.0517,0.010647619047619048,0.87,0.04,-0.07,0.09,1
WASP-69,0.26,0.017,0.04525,0.006447307692307693,0.826,0.028999999999999998,0.14400000000000002,0.077,1
WASP-70 A,0.59,0.022000000000000002,0.048530000000000004,0.004239186440677967,1.1059999999999999,0.042,-0.006,0.063,1
WASP-71,2.258,0.07200000000000001,0.046310000000000004,0.003553339238263951,1.5719999999999998,0.062,0.15,0.07,1
WASP-72,1.4609999999999999,0.055999999999999994,0.03708,0.003342546201232033,1.386,0.055,-0.06,0.09,1
WASP-73,1.88,0.06,0.05512,0.004048297872340426,1.34,0.04,0.14,0.14,1
WASP-53,2.1319999999999997,0.094,0.041010000000000005,0.00452626641651032,0.8390000000000001,0.054000000000000006,0.22,0.11,1
WASP-52,0.46,0.02,0.0272,0.002665217391304348,0.87,0.03,0.03,0.12,1
WASP-50,1.4369999999999998,0.068,0.029130000000000003,0.0033969102296450946,0.861,0.057,-0.12,0.08,1
WASP-5,1.6369999999999998,0.08199999999999999,0.027290000000000002,0.0032940012217470985,1.0,0.06,0.09,0.09,1
WASP-48,0.98,0.09,0.03444,0.006755714285714285,1.19,0.05,-0.12,0.12,1
WASP-46,2.101,0.073,0.024480000000000002,0.001981132793907663,0.956,0.034,-0.37,0.13,1
WASP-45,1.0070000000000001,0.053,0.04054,0.0051673684210526314,0.909,0.06,0.36,0.12,1
WASP-44,0.889,0.062,0.034730000000000004,0.005254229471316087,0.951,0.034,0.06,0.1,1
WASP-43,2.052,0.053,0.01526,0.0009682846003898634,0.7170000000000001,0.025,-0.01,0.012,1
WASP-41,0.94,0.05,0.04,0.00525531914893617,0.95,0.09,-0.08,0.09,1
WASP-4,1.1974,0.0068,0.023119999999999998,0.0005925956238516786,0.93,0.05,-0.03,0.09,1
WASP-39,0.28,0.03,0.0486,0.010914285714285711,0.93,0.03,-0.12,0.1,1
WASP-38,2.7119999999999997,0.065,0.07551000000000001,0.0044695796460177,1.216,0.040999999999999995,-0.12,0.07,1
WASP-37,1.8,0.17,0.043390000000000005,0.00971588888888889,0.8490000000000001,0.04,-0.4,0.12,1
WASP-36,2.279,0.068,0.02624,0.00183587977182975,1.02,0.032,-0.31,0.12,1
WASP-34,0.59,0.01,0.0524,0.002176271186440678,1.01,0.07,-0.02,0.1,1
WASP-33,2.8,0.53,0.025580000000000006,0.009913857142857146,1.495,0.031,0.1,0.2,1
WASP-74,0.826,0.013999999999999999,0.03443,0.0015171186440677965,1.48,0.12,0.39,0.13,1
WASP-76,0.92,0.03,0.033,0.0026521739130434784,1.46,0.07,0.23,0.1,1
WASP-119,1.23,0.08,0.0363,0.005421951219512195,1.02,0.06,0.14,0.1,1
XO-3,11.79,0.59,0.0454,0.005363850720949958,1.41,0.08,-0.08,0.04,1
WASP-98,0.83,0.07,0.036000000000000004,0.007072289156626507,0.69,0.06,-0.6,0.19,1
WASP-99,2.78,0.13,0.0717,0.008305755395683456,1.48,0.1,0.21,0.15,1
WTS-1,4.01,0.35,0.047,0.009204488778054864,1.2,0.1,-0.25,0.25,1
WTS-2,1.12,0.13,0.01855,0.004926249999999999,0.82,0.08199999999999999,0.2,0.3,1
Wolf 940,26.0,6.0,400.0,206.61538461538464,0.27,0.03,-0.06,0.2,1
XO-2N,0.62,0.02,0.0369,0.004380645161290323,0.98,0.02,0.45,0.02,1
XO-4,1.6159999999999999,0.1,0.05485,0.007208366336633664,1.32,0.02,-0.04,0.03,1
WASP-78,0.89,0.08,0.0415,0.00806067415730337,2.02,0.09,-0.35,0.14,1
XO-5,1.077,0.037000000000000005,0.0487,0.0039461467038068715,0.88,0.03,0.18,0.03,1
XO-6,1.9,0.5,0.0815,0.05059473684210526,1.47,0.06,-0.07,0.1,1
XO-7,0.7090000000000001,0.034,0.04420999999999999,0.004860169252468264,1.405,0.059000000000000004,0.43200000000000005,0.057,1
eps Eridani,0.77,0.2,3.39,2.1210389610389617,0.83,0.05,-0.13,0.04,1
gamma 1 Leo,63.88,56.1,1.19,2.1101377582968066,1.23,0.21,-0.51,0.05,1
kappa And,13.0,2.0,100.0,76.76923076923077,2.8,0.2,-0.36,0.09,1
WASP-97,1.32,0.05,0.033030000000000004,0.0030622727272727277,1.12,0.06,0.23,0.11,1
WASP-96,0.48,0.03,0.0453,0.006962499999999999,1.06,0.09,0.14,0.19,1
WASP-95,1.13,0.04,0.03416,0.003248407079646019,1.11,0.09,0.14,0.16,1
WASP-94 A,0.452,0.032,0.055,0.008787610619469028,1.29,0.1,0.26,0.15,1
WASP-93,1.47,0.028999999999999998,0.04211,0.002011482993197279,1.3,0.11,0.07,0.17,1
WASP-91,1.34,0.08,0.037000000000000005,0.005417910447761194,0.84,0.07,0.19,0.13,1
WASP-90,0.63,0.07,0.0562,0.013688888888888891,1.55,0.1,0.11,0.14,1
WASP-89,5.9,0.4,0.0427,0.0069898305084745765,0.92,0.08,0.15,0.14,1
WASP-88,0.56,0.08,0.06431,0.018994285714285717,1.45,0.05,-0.008,0.12,1
WASP-87 A,2.21,0.16,0.02946,0.005015701357466064,1.204,0.09300000000000001,-0.41,0.1,1
WASP-86,0.95,0.14,0.0617,0.019485263157894738,1.239,0.027999999999999997,0.23,0.14,1
WASP-83,0.3,0.03,0.059000000000000004,0.012800000000000002,1.11,0.09,0.29,0.12,1
WASP-82,1.24,0.04,0.0447,0.003583870967741935,1.63,0.08,0.12,0.11,1
WASP-81 ,0.7290000000000001,0.035,0.039080000000000004,0.004472537722908093,1.08,0.057999999999999996,-0.36,0.14,1
WASP-80,0.5539999999999999,0.039,0.0346,0.005971480144404333,0.58,0.05,-0.14,0.16,1
WASP-8,2.244,0.09300000000000001,0.0801,0.008239304812834225,1.033,0.05,0.17,0.07,1
WASP-79,0.9,0.09,0.0539,0.01168,1.56,0.09,0.03,0.1,1
WASP-32,3.6,0.07,0.0394,0.0018322222222222218,1.1,0.03,-0.13,0.1,1
WASP-31,0.478,0.03,0.04657,0.006185606694560669,1.16,0.026000000000000002,-0.19,0.09,1
WASP-29,0.24289714627300002,0.020105087625459997,0.0457,0.008165362694305595,0.825,0.033,0.11,0.14,1
WASP-148,0.29,0.025,0.0845,0.016768965517241382,1.0,0.08,0.11,0.08,1
WASP-141,2.69,0.15,0.0469,0.005930483271375465,1.25,0.06,0.29,0.09,1
WASP-142,0.84,0.09,0.0347,0.008135714285714286,1.33,0.08,0.26,0.12,1
WASP-143,0.725,0.084,0.049,0.01275448275862069,1.087,0.045,0.23,0.1,1
WASP-145 A,0.89,0.04,0.0261,0.002846067415730337,0.76,0.04,-0.04,0.1,1
WASP-146,1.11,0.15,0.0451,0.014589189189189186,1.057,0.085,-0.01,0.16,1
WASP-147,0.275,0.027000000000000003,0.0549,0.012080363636363636,1.044,0.073,0.092,0.071,1
WASP-15,0.542,0.05,0.0499,0.011006642066420665,1.18,0.12,-0.17,0.11,1
WASP-28,0.907,0.043,0.04469,0.00499742006615215,1.021,0.05,-0.29,0.1,1
WASP-150,8.46,0.2,0.0694,0.004081323877068558,1.3459999999999999,0.03,0.2,0.08,1
WASP-151,0.31,0.03,0.055,0.011645161290322581,1.077,0.081,0.1,0.1,1
WASP-153,0.39,0.02,0.048,0.005923076923076922,1.3359999999999999,0.086,0.34,0.11,1
WASP-156,0.128,0.009000000000000001,0.0453,0.0072703125,0.8420000000000001,0.052000000000000005,0.24,0.12,1
WASP-157,0.5760000000000001,0.094,0.0529,0.01896597222222222,1.26,0.12,0.34,0.09,1
WASP-158,2.79,0.23,0.0517,0.010324014336917563,1.38,0.14,0.24,0.1,1
WASP-140,2.44,0.07,0.0323,0.0023532786885245905,0.9,0.04,0.12,0.1,1
WASP-138,1.22,0.08,0.0494,0.007178688524590164,1.22,0.08,-0.09,0.1,1
WASP-137,0.6809999999999999,0.054000000000000006,0.0519,0.01003083700440529,1.216,0.066,0.48700000000000004,0.051,1
WASP-135,1.9,0.08,0.0243,0.0025463157894736843,0.98,0.06,0.02,0.13,1
WASP-134,1.412,0.075,0.0956,0.012655807365439092,1.131,0.045,0.4,0.07,1
WASP-133,1.16,0.09,0.0345,0.00605344827586207,1.16,0.08,0.29,0.12,1
WASP-132,0.41,0.03,0.067,0.010804878048780487,0.8,0.04,0.22,0.13,1
WASP-131,0.27,0.02,0.0607,0.009892592592592592,1.06,0.06,0.18,0.08,1
WASP-130,1.23,0.04,0.1012,0.00798211382113821,1.04,0.04,0.26,0.1,1
WASP-129,1.0,0.1,0.0628,0.01326,1.0,0.03,0.15,0.09,1
WASP-128,37.19,0.85,0.0359,0.002041032535627857,1.155,0.039,0.01,0.12,1
WASP-124,0.6,0.07,0.0499,0.012343333333333335,1.07,0.05,-0.02,0.11,1
Kepler-1655,0.0157,0.0088,0.10300000000000001,0.11646496815286628,1.03,0.04,-0.24,0.05,1
WASP-122,1.401,0.075,0.03107,0.004116552462526767,1.4,0.1,0.32,0.09,1
WASP-121,1.1840000000000002,0.064,0.02544,0.0032502702702702706,1.3530000000000002,0.079,0.13,0.09,1
WASP-120,5.06,0.27,0.052199999999999996,0.006870750988142293,1.45,0.11,-0.05,0.07,1
WASP-12,1.47,0.069,0.02344,0.0027604897959183673,1.4340000000000002,0.09,0.3,0.1,1
WASP-159,0.55,0.08,0.0538,0.01715090909090909,1.41,0.12,0.22,0.12,1
WASP-16,0.855,0.059000000000000004,0.0421,0.007610292397660819,1.022,0.10099999999999999,0.01,0.1,1
WASP-160 B,0.281,0.044000000000000004,0.0455,0.015449110320284697,0.89,0.07,0.389,0.08,1
WASP-178,1.41,0.51,0.0558,0.04136595744680851,1.93,0.16,-0.06,0.34,1
WASP-26,1.028,0.021,0.03985,0.001958112840466926,1.12,0.03,-0.02,0.09,1
WASP-25,0.58,0.04,0.0474,0.006937931034482758,1.0,0.03,-0.05,0.1,1
WASP-24,1.071,0.038,0.03651,0.0028708123249299717,1.129,0.025,0.07,0.1,1
WASP-22,0.617,0.0172,0.04698,0.0029893063209076175,1.1,0.3,-0.05,0.08,1
WASP-21,0.3,0.01,0.052000000000000005,0.003906666666666667,1.01,0.025,-0.4,0.1,1
WASP-20 A,0.313,0.018000000000000002,0.06003,0.007574408945686902,1.202,0.04,-0.009000000000000001,0.061,1
WASP-2 A,0.847,0.045,0.03138,0.014334356552538374,0.84,0.11,-0.08,0.08,1
WASP-190,1.0,0.1,0.0663,0.014060000000000001,1.35,0.05,-0.02,0.05,1
WASP-19,1.114,0.04,0.01616,0.0014205026929982045,0.904,0.045,0.02,0.09,1
WASP-184,0.57,0.1,0.0627,0.023200000000000005,1.23,0.07,0.12,0.08,1
WASP-183,0.502,0.047,0.04632,0.009423466135458167,0.784,0.038,-0.31,0.04,1
WASP-182,0.14800000000000002,0.011000000000000001,0.0451,0.007604054054054054,1.0759999999999998,0.064,0.27,0.1,1
WASP-181,0.299,0.034,0.054270000000000006,0.013032341137123747,1.04,0.04,0.09,0.04,1
WASP-180 A,0.8,0.1,0.048,0.013000000000000003,1.3,0.1,0.1,0.2,1
WASP-177,0.508,0.038,0.03957,0.006499921259842519,0.8759999999999999,0.038,0.25,0.04,1
WASP-161,2.49,0.21,0.0673,0.013651807228915661,1.39,0.14,0.16,0.09,1
WASP-176,0.855,0.07,0.0535,0.010660233918128656,1.27,0.025,0.215,0.07,1
WASP-175,0.99,0.13,0.044000000000000004,0.012105555555555559,1.212,0.045,0.15,0.07,1
WASP-174,0.33,0.091,0.055029999999999996,0.030909878787878785,1.28,0.07,0.12,0.08,1
WASP-172,0.47,0.1,0.0694,0.030531914893617028,1.49,0.07,-0.1,0.08,1
WASP-171,1.084,0.094,0.0504,0.009570959409594095,1.171,0.057999999999999996,0.04,0.07,1
WASP-170,1.6,0.2,0.0337,0.010225000000000001,0.93,0.15,0.22,0.09,1
WASP-17,0.486,0.032,0.0515,0.007121893004115226,1.2,-0.13,-0.19,0.09,1
WASP-169,0.561,0.06,0.0681,0.015966844919786092,1.337,0.083,0.06,0.07,1
WASP-167,8.0,7.999,0.0365,0.07359087499999999,1.518,0.087,-0.04,0.09,1
WASP-166,0.102,0.004,0.0642,0.005135294117647059,1.19,0.06,0.19,0.05,1
WASP-165,0.6579999999999999,0.092,0.04823000000000001,0.014406808510638303,1.248,0.07,0.33,0.13,1
WASP-164,2.13,0.13,0.02818,0.00415981220657277,0.946,0.071,-0.01,0.2,1
WASP-163,1.87,0.21,0.0266,0.007374331550802137,0.97,0.15,-0.34,0.21,1
WASP-162,5.2,0.2,0.0871,0.008,0.95,0.04,0.28,0.13,1
Kepler-1656,0.1529,0.012,0.19699999999999998,0.051922171353826034,1.03,0.04,0.19,0.04,1
KOI-192,0.29,0.09,0.091,0.06648275862068966,0.96,0.06,-0.19,0.07,1
Kepler-16 (AB),0.33299999999999996,0.016,0.7048,0.06872852852852854,0.8499,0.017,-0.3,0.2,1
HAT-P-4,0.68,0.04,0.0446,0.006447058823529412,1.26,0.14,0.2,0.08,1
HAT-P-56,2.2,0.25,0.0423,0.010003636363636362,1.296,0.036000000000000004,-0.077,0.08,1
HAT-P-55,0.5820000000000001,0.055999999999999994,0.04604,0.009419931271477661,1.013,0.037000000000000005,-0.03,0.08,1
HAT-P-54,0.76,0.032,0.04116999999999999,0.0038969473684210515,0.645,0.02,-0.127,0.08,1
HAT-P-52,0.8190000000000001,0.03,0.03694,0.0030862271062271057,0.887,0.027000000000000003,0.28,0.08,1
HAT-P-51,0.309,0.018000000000000002,0.05069,0.006395631067961166,0.976,0.027999999999999997,0.27,0.08,1
HAT-P-50,1.36,0.075,0.0453,0.006396323529411764,1.273,0.049,-0.18,0.08,1
HAT-P-5,1.06,0.11,0.04079,0.009225849056603773,1.163,0.065,0.24,0.15,1
HAT-P-49,1.73,0.205,0.0438,0.010880346820809248,1.5430000000000001,0.051,0.07400000000000001,0.08,1
HAT-P-48,0.168,0.024,0.0543,0.016214285714285712,1.099,0.040999999999999995,0.02,0.08,1
HAT-P-45,0.892,0.099,0.0452,0.010733183856502241,1.2590000000000001,0.057999999999999996,0.07,0.1,1
HAT-P-43,0.66,0.083,0.0443,0.01174212121212121,1.048,0.042,0.23,0.08,1
HAT-P-42,0.975,0.126,0.0575,0.015961538461538465,1.179,0.067,0.27,0.08,1
HAT-P-41,0.8,0.102,0.0426,0.011362999999999998,1.28,0.09,0.13,0.05,1
HAT-P-40,0.615,0.038,0.06080000000000001,0.009013495934959351,1.5119999999999998,0.109,0.22,0.1,1
HAT-P-39,0.599,0.099,0.0509,0.017425041736227043,1.4040000000000001,0.051,0.19,0.1,1
HAT-P-58,0.37200000000000005,0.03,0.04994,0.008494838709677419,1.031,0.027999999999999997,0.12,0.08,1
HAT-P-38,0.267,0.02,0.0523,0.008735205992509362,0.8859999999999999,0.044000000000000004,0.06,0.1,1
HAT-P-37,1.169,0.10300000000000001,0.0379,0.007278699743370403,0.929,0.043,0.03,0.1,1
HAT-P-36,1.8319999999999999,0.099,0.0238,0.0029722707423580795,1.022,0.049,0.26,0.08,1
HAT-P-35,1.054,0.033,0.0498,0.0037184060721062624,1.236,0.048,0.11,0.08,1
HAT-P-34,3.3280000000000003,0.21100000000000002,0.0677,0.009384555288461539,1.36,0.01,0.08,0.05,1
HAT-P-33,0.763,0.11699999999999999,0.0503,0.0165262123197903,1.403,0.096,0.05,0.08,1
HAT-P-32,0.86,0.16399999999999998,0.0343,0.013481860465116277,1.176,0.07,-0.16,0.08,1
HAT-P-31,2.171,0.077,0.055,0.018901427913403962,1.218,0.063,0.15,0.08,1
HAT-P-30,0.711,0.027999999999999997,0.0419,0.0038001406469760895,1.18,0.03,-0.08,0.08,1
HAT-P-3,0.591,0.018000000000000002,0.03866,0.002764923857868021,0.917,0.03,0.41,0.08,1
HAT-P-29,0.778,0.04,0.0667,0.007658611825192801,1.207,0.046,0.21,0.08,1
HAT-P-28,0.626,0.037000000000000005,0.0434,0.005830351437699681,1.025,0.047,0.12,0.08,1
HAT-P-27,0.66,0.033,0.0403,0.00453,0.945,0.035,0.29,0.1,1
HAT-P-26,0.0585,0.00717,0.0479,0.012341641025641024,0.816,0.033,-0.04,0.08,1
HAT-P-57,1.85,1.85,0.0406,0.08229999999999998,1.47,0.12,-0.25,0.25,1
HAT-P-59,1.54,0.067,0.05064,0.004776337662337662,1.0,0.022000000000000002,0.217,0.049,1
Kepler-15,0.66,0.09,0.057139999999999996,0.016513636363636362,1.018,0.052000000000000005,0.36,0.07,1
HATS-12,2.38,0.087,0.04795,0.004275588235294119,1.49,0.07,-0.1,0.04,1
HATS-28,0.672,0.087,0.04131,0.011226339285714284,0.929,0.036000000000000004,0.01,0.06,1
HATS-27,0.53,0.13,0.0611,0.030653584905660374,1.415,0.048,0.09,0.04,1
HATS-26,0.65,0.076,0.04735,0.011752615384615386,1.2990000000000002,0.055999999999999994,-0.02,0.05,1
HATS-25,0.613,0.042,0.05162999999999999,0.007674910277324631,0.9940000000000001,0.035,0.02,0.05,1
HATS-23,1.47,0.07200000000000001,0.03397,0.0037976734693877558,1.121,0.046,0.28,0.07,1
HATS-21,0.332,0.03,0.04676,0.008830602409638552,1.08,0.026000000000000002,0.3,0.04,1
HATS-20,0.273,0.035,0.046189999999999995,0.012283589743589743,0.91,0.026000000000000002,0.03,0.05,1
HATS-2,1.345,0.15,0.023,0.005430111524163568,0.882,0.037000000000000005,0.15,0.05,1
HATS-19,0.42700000000000005,0.071,0.0589,0.020887353629976575,1.3030000000000002,0.83,0.24,0.05,1
HATS-18,1.98,0.077,0.01761,0.0016396666666666667,1.037,0.047,0.28,0.08,1
HATS-17,1.338,0.065,0.1308,0.013908520179372198,1.131,0.03,0.3,0.03,1
HATS-16,3.27,0.19,0.03744,0.004800825688073395,0.97,0.035,0.1,0.05,1
HATS-14,1.071,0.07,0.03815,0.0053069281045751635,0.9670000000000001,0.024,0.33,0.06,1
HATS-13,0.5429999999999999,0.07200000000000001,0.04057,0.01116889502762431,0.9620000000000001,0.028999999999999998,0.05,0.06,1
HATS-11,0.85,0.12,0.04614,0.013957764705882352,1.0,0.06,-0.39,0.06,1
HAT-P-6,1.057,0.11900000000000001,0.05235,0.012657417218543047,1.29,0.06,-0.13,0.08,1
HATS-10,0.526,0.081,0.0449,0.01456851711026616,1.1,0.054000000000000006,0.15,0.1,1
HATS-1,1.855,4e-06,0.0444,0.0008001914824797843,0.986,0.054000000000000006,-0.06,0.12,1
HAT-P-9,0.67,0.08,0.053,0.014656716417910448,1.28,0.13,0.12,0.2,1
HAT-P-8,1.34,0.05,0.0449,0.004050746268656717,1.28,0.04,0.01,0.08,1
HAT-P-70,6.78,6.77,0.047389999999999995,0.09570020648967549,1.89,0.013000000000000001,-0.059000000000000004,0.08800000000000001,1
HAT-P-69,3.58,0.58,0.06555,0.02158966480446927,1.6980000000000002,0.025,-0.061,0.07,1
HAT-P-67,0.34,0.19,0.06505,0.07349294117647058,1.642,0.07200000000000001,-0.08,0.04,1
HAT-P-66,0.7829999999999999,0.057,0.04363,0.0069922605363984675,1.255,0.0054,0.035,0.08,1
HAT-P-65,0.527,0.083,0.03951,0.012985275142314992,1.212,0.05,0.1,0.08,1
HAT-P-64,0.58,0.13,0.05387,0.024448620689655174,1.298,0.021,-0.113,0.055999999999999994,1
HAT-P-63,0.614,0.024,0.04294,0.003706872964169381,0.925,0.023,0.251,0.061,1
HAT-P-62,0.7609999999999999,0.08800000000000001,0.03772,0.008963679369250986,1.023,0.02,0.414,0.09,1
HAT-P-61,1.057,0.07,0.0301,0.004326754966887418,1.004,0.033,0.19399999999999998,0.06,1
HAT-P-60,0.574,0.038,0.06277,0.008481010452961674,1.435,0.012,0.037000000000000005,0.037000000000000005,1
HAT-P-24,0.685,0.033,0.04649999999999999,0.005080291970802919,1.1909999999999998,0.042,-0.16,0.08,1
HAT-P-23,2.09,0.11,0.0232,0.002642105263157895,1.13,0.05,0.16,0.03,1
HAT-P-22,2.147,0.061,0.0414,0.002852491849091756,0.9159999999999999,0.035,0.24,0.08,1
CoRoT-24,0.08800000000000001,0.035,0.098,0.08095454545454545,0.91,0.09,0.3,0.25,1
EPIC  211945201,0.085,0.0396,0.14800000000000002,0.14190117647058825,1.18,0.04,0.1,0.1,1
DS Tuc A,0.08800000000000001,0.040999999999999995,0.0795,0.07707954545454544,0.9590000000000001,0.031,-0.08,0.06,1
CoRoT-9,0.84,0.07,0.40700000000000003,0.07283333333333335,0.99,0.04,-0.01,0.006,1
CoRoT-8,0.2158,0.034,0.063,0.020851714550509735,0.88,0.04,0.3,0.1,1
CoRoT-7,0.0149,0.003,0.0172,0.0072161744966442965,0.93,0.03,0.03,0.07,1
CoRoT-6,2.96,0.34,0.0855,0.021141891891891893,1.055,0.055,-0.2,0.1,1
CoRoT-5,0.467,0.024,0.04947,0.005374710920770878,1.0,0.02,-0.25,0.06,1
CoRoT-4,0.72,0.08,0.09,0.020999999999999998,1.1,0.02,0.05,0.07,1
CoRoT-30,2.9,0.22,0.0844,0.014005517241379311,0.98,0.05,0.02,0.1,1
CoRoT-3,21.66,1.0,0.057,0.008263157894736842,1.41,0.08,0.14,0.04,1
CoRoT-29,0.85,0.2,0.039,0.02035294117647059,0.976,0.14,0.2,0.1,1
CoRoT-27,10.39,0.55,0.0476,0.011639461020211742,1.05,0.11,0.1,0.1,1
CoRoT-26,0.52,0.05,0.0526,0.011115384615384616,1.09,0.06,0.01,0.13,1
CoRoT-25,0.27,0.04,0.0578,0.020025925925925923,1.09,0.05,-0.01,0.13,1
CoRoT-23,2.8,0.25,0.0477,0.012317857142857144,1.14,0.08,0.05,0.1,1
HAT-P-21,4.063,0.161,0.0494,0.004615038149150875,0.9470000000000001,0.042,0.01,0.08,1
CoRoT-22,0.06,0.0214,0.092,0.06702666666666666,1.099,0.049,0.17,0.12,1
CoRoT-20,4.24,0.23,0.0902,0.011885849056603774,1.14,0.08,0.14,0.12,1
CoRoT-2,3.31,0.16,0.0281,0.0036166163141993952,0.97,0.06,-0.04,0.08,1
CoRoT-19,1.11,0.06,0.0518,0.0064,1.21,0.06,-0.02,0.1,1
CoRoT-18,3.47,0.38,0.0295,0.008061095100864552,0.95,0.15,-0.1,0.1,1
CoRoT-16,0.535,0.085,0.0618,0.021137383177570093,1.0979999999999999,0.078,0.19,0.06,1
CoRoT-14,7.6,0.6,0.027000000000000003,0.006263157894736843,1.13,0.09,0.05,0.15,1
CoRoT-13,1.308,0.066,0.051000000000000004,0.008246788990825689,1.09,0.02,0.01,0.07,1
CoRoT-12,0.917,0.065,0.04016,0.006613347873500545,1.078,0.07200000000000001,0.16,0.1,1
CoRoT-11,2.33,0.27,0.04351,0.010443862660944207,1.27,0.05,0.04,0.03,1
CoRoT-10,2.75,0.14,0.10549999999999998,0.01284181818181818,0.89,0.05,0.26,0.07,1
CoRoT-1,1.03,0.12,0.0254,0.006318446601941747,0.95,0.15,0.06,0.07,1
CD-35 2722,31.0,8.0,67.0,38.58064516129032,0.4,0.05,0.04,0.5,1
CD Cet,0.012440000000000001,0.0013599999999999999,0.0185,0.005345016077170416,0.161,0.01,0.13,0.16,1
EPIC 205084841,0.3883,0.303,0.10400000000000001,0.16530749420551125,1.168,0.094,0.019,0.175,1
EPIC 210894022,0.016640000000000002,0.00242,0.062099999999999995,0.02656274038461538,0.89,0.02,-0.53,0.05,1
EPIC 211391664,0.10099999999999999,0.025,0.0943,0.051883168316831686,1.074,0.042,-0.2,0.1,1
EPIC 211418729,1.85,0.23,0.09308999999999999,0.0238067027027027,0.8320000000000001,0.021,0.41,0.037000000000000005,1
HAT-P-20,7.246,0.187,0.0361,0.002363290091084736,0.7559999999999999,0.027999999999999997,0.35,0.08,1
HAT-P-2,8.74,0.26,0.0674,0.004820068649885584,1.34,0.09,0.04,0.05,1
HAT-P-19,0.292,0.018000000000000002,0.0466,0.0065452054794520554,0.8420000000000001,0.042,0.23,0.08,1
HAT-P-18,0.183,0.032,0.0559,0.020249726775956284,0.77,0.031,0.1,8.0,1
HAT-P-16,4.1930000000000005,0.094,0.0413,0.002251752921535893,1.218,0.039,0.17,0.08,1
HAT-P-15,1.946,0.066,0.0964,0.007938951695786227,1.013,0.043,0.22,0.08,1
HAT-P-14,2.2,0.04,0.0594,0.0025599999999999998,1.386,0.045,0.11,0.08,1
HAT-P-13,0.85,0.038,0.0426,0.0050089411764705875,1.22,0.1,0.43,0.08,1
HAT-P-12,0.210489884529,0.013183148223889999,0.0384,0.005110044843058767,0.73,0.02,-0.29,0.05,1
HAT-P-10 A,0.46,0.027999999999999997,0.0439,0.006244347826086956,0.82,0.03,0.13,0.08,1
HAT-P-1,0.525,0.019,0.05561,0.004855104761904762,1.151,0.052000000000000005,0.13,0.008,1
GPX-1,19.7,1.6,0.0338,0.0057903553299492394,1.68,0.1,0.35,0.1,1
GJ 676 A,6.7,1.5,1.8119999999999998,0.8123432835820895,0.71,0.04,0.23,0.1,1
GJ 436,0.07,0.0052,0.028870000000000003,0.0052392571428571426,0.452,0.012,-0.32,0.12,1
GJ 357,0.006566,0.00101,0.033,0.011152299725860494,0.342,0.011000000000000001,-0.12,0.16,1
GJ 3473,0.00585,0.0009,0.01589,0.005509230769230768,0.36,0.016,0.11,0.19,1
GJ 3470,0.039580000000000004,0.00403,0.03557,0.008243410813542192,0.51,0.06,0.2,0.1,1
GJ 317,2.3298,0.7158,1.11,0.800065413340201,0.42,0.05,0.36,0.2,1
GJ 143,0.0714,0.006,0.1932,0.03267058823529412,0.76,0.006999999999999999,0.003,0.06,1
GJ 1252,0.00658,0.00176,0.00916,0.005660182370820669,0.381,0.019,0.1,0.1,1
GJ 1214,0.0203253311519,0.00311487273071,0.01411,0.004644736842106467,0.15,0.011000000000000001,0.39,0.15,1
GJ 1132,0.005220000000000001,0.00072,0.0154,0.005748275862068965,0.18100000000000002,0.019,-0.12,0.15,1
G 9-40,0.016,0.006,0.0385,0.034175,0.29,0.02,-0.078,0.13,1
EPIC 228754001,0.495,0.0063,0.0916,0.0029316363636363637,1.19,0.04,-0.11,0.05,1
EPIC 220504338,1.28,0.12,0.057499999999999996,0.01648125,1.0070000000000001,0.039,0.18,0.062,1
EPIC 219388192,36.0,1.6,0.05929999999999999,0.00657111111111111,0.99,0.05,0.03,0.08,1
EPIC 216468514,0.84,0.08,0.048,0.014142857142857143,1.3,0.14,0.1,0.1,1
EPIC 212036875,51.0,2.0,0.0621,0.006870588235294118,1.1241,0.11,-0.23,0.1,1
EPIC 211442297,0.84,0.18,0.1367,0.059785714285714275,0.831,0.023,-0.22,0.035,1
HATS-29,0.653,0.063,0.05474999999999999,0.011444318529862172,1.032,0.049,0.16,0.08,1
HATS-3,1.071,0.136,0.0485,0.01291746031746032,1.209,0.036000000000000004,-0.157,0.07,1
HATS-30,0.706,0.039,0.043539999999999995,0.005230368271954674,1.093,0.031,0.06,0.05,1
K2-260,1.39,0.34,0.0407,0.02771079136690648,1.39,0.06,-0.14,0.15,1
K2-55,0.138,0.0167,0.0347,0.009398405797101448,0.688,0.07,0.376,0.095,1
K2-53,0.0289,0.0079,0.098,0.05457785467128028,0.851,0.038,-0.037000000000000005,0.053,1
K2-39,0.125,0.013999999999999999,0.062,0.025887999999999998,1.53,0.13,0.32,0.04,1
K2-34,1.78,0.13,0.04419,0.007554719101123595,1.281,0.091,0.24,0.22,1
K2-31 ,1.774,0.079,0.022000000000000002,0.003759413754227734,0.91,0.06,0.08,0.05,1
K2-292,0.0771,0.0138,0.13,0.05653696498054475,1.0,0.03,0.07,0.05,1
K2-291,0.020419999999999997,0.00365,0.03261,0.012097835455435848,0.934,0.038,0.08,0.04,1
K2-289,0.1529,0.0585,0.107,0.08287704381948986,0.953,0.051,0.162,0.07400000000000001,1
K2-287,0.315,0.027000000000000003,0.1206,0.021474285714285717,1.056,0.022000000000000002,0.2,0.04,1
K2-280,0.1167,0.0176,0.1461,0.044967866323907466,1.03,0.03,0.33,0.08,1
K2-27,0.0972,0.013999999999999999,0.06702000000000001,0.020016172839506175,0.89,0.05,0.14,0.07,1
K2-265,0.02058,0.00264,0.033760000000000005,0.008871457725947524,0.915,0.017,0.078,0.02,1
K2-263,0.0466,0.0098,0.2573,0.11112060085836908,0.88,0.03,-0.08,0.05,1
K2-261,0.223,0.031,0.102,0.04835874439461883,1.1,0.02,0.36,0.06,1
K2-238,0.86,0.12,0.046,0.01883720930232558,1.19,0.08,0.34,0.04,1
HD 93148,5.18,0.22,0.06971000000000001,0.015521312741312741,1.4609999999999999,0.06,0.188,0.077,1
K2-237,1.6,0.11,0.037000000000000005,0.007087499999999999,1.28,0.04,0.14,0.05,1
K2-22 A,1.4,1.4,0.0088,0.0184,0.6,0.07,0.03,0.08,1
K2-180,0.036000000000000004,0.006,0.075,0.026,0.71,0.03,-0.65,0.1,1
K2-18,0.02715,0.00425,0.1591,0.05021031307550645,0.413,0.043,0.09,0.09,1
K2-174,0.0289,0.0079,0.126,0.06988581314878894,0.7,0.025,0.113,0.07,1
K2-140,0.93,0.04,0.068,0.006849462365591397,0.96,0.04,0.1,0.1,1
K2-139,0.381,0.045,0.1811,0.05127952755905512,0.9179999999999999,0.027999999999999997,0.21,0.05,1
K2-137,0.7,0.69,0.0058,0.012034285714285714,0.46299999999999997,0.052000000000000005,0.08,0.12,1
K2-110,0.0525,0.01,0.1021,0.039695238095238096,0.738,0.018000000000000002,-0.34,0.03,1
K2-108,0.187,0.013999999999999999,0.0573,0.009579679144385025,1.121,0.053,0.33,0.04,1
HIP 75458,9.39,1.29,1.275,0.4243194888178914,1.4,0.2,0.15,0.2,1
HIP 65A,3.213,0.078,0.01782,0.0010752100840336132,0.7809999999999999,0.027000000000000003,0.18,0.08,1
HIP 116454,0.0372,0.00419,0.098,0.02507634408602151,0.775,0.027000000000000003,-0.16,0.08,1
HD 97658,0.024569999999999998,0.0013800000000000002,0.08000000000000002,0.026986568986569,0.85,0.02,-0.23,0.03,1
K2-60,0.426,0.037000000000000005,0.045,0.010816901408450706,0.97,0.07,0.01,0.11,1
K2-66,0.067,0.011000000000000001,0.05983,0.020365671641791042,1.11,0.04,-0.047,0.02,1
K2-87,0.1192,0.04,0.094,0.06408724832214766,1.1640000000000001,0.044000000000000004,0.32799999999999996,0.045,1
K2-90,0.027999999999999997,0.0079,0.096,0.05517142857142858,0.629,0.018000000000000002,-0.225,0.053,1
Kepler-12,0.431,0.040999999999999995,0.0556,0.011278190255220416,1.166,0.054000000000000006,0.07,0.04,1
Kepler-102,0.0281,0.0063,0.11699999999999999,0.055462633451957295,0.81,0.09,0.18,0.47,1
Kelt-22A,3.69,0.18,0.0248,0.003019512195121951,1.05,0.08,0.16,0.14,1
KPS-1,1.09,0.087,0.0269,0.0052941284403669716,0.892,0.1,0.22,0.13,1
KOI-830,1.27,0.19,0.0433,0.013855905511811026,0.87,0.05,0.09,0.17,1
KOI-415,62.14,2.69,0.593,0.0643411651110396,0.94,0.06,-0.24,0.11,1
KOI-195,0.34,0.08,0.0414,0.02048235294117647,0.91,0.06,-0.21,0.08,1
BD+20 594,0.0513,0.019,0.24100000000000002,0.1975185185185185,0.961,0.028999999999999998,-0.15,0.05,1
KOI-188,0.25,0.08,0.0464,0.030496,0.93,0.05,0.24,0.11,1
KIC 7917485,11.8,0.6,2.03,0.4264406779661017,1.63,0.12,-0.02,0.15,1
KELT-8,0.8740000000000001,0.067,0.04571,0.00784816933638444,1.2109999999999999,0.066,0.27,0.04,1
KELT-7,1.29,0.18,0.04415,0.012940930232558141,1.535,0.066,0.139,0.08,1
KELT-6,0.442,0.019,0.08,0.007877828054298644,1.126,0.057999999999999996,-0.27,0.06,1
KELT-4 A,0.884,0.068,0.043210000000000005,0.007417692307692309,1.204,0.063,-0.11599999999999999,0.071,1
KELT-3,1.4180000000000001,0.07,0.04117,0.004734739069111424,1.2819999999999998,0.062,0.048,0.081,1
KELT-25,21.0,20.0,0.0681,0.1308142857142857,2.18,0.11,0.3,0.21,1
KELT-23A,0.938,0.044000000000000004,0.03302,0.0037778251599147124,0.9420000000000001,0.054000000000000006,-0.105,0.078,1
KELT-21,3.91,3.9,0.052239999999999995,0.10456278772378516,1.4580000000000002,0.028999999999999998,-0.405,0.033,1
KELT-20,3.5180000000000002,3.517,0.0542,0.11046918703808982,2.0,0.1,-0.29,0.36,1
KELT-2 A,1.486,0.08800000000000001,0.054979999999999994,0.006911763122476446,1.31,0.03,-0.015,0.071,1
KELT-18,1.18,0.11,0.0455,0.009173050847457627,1.524,0.069,0.09,0.13,1
KELT-17,1.31,0.29,0.04881,0.022220534351145037,1.635,0.061,-0.018000000000000002,0.07200000000000001,1
KELT-16,2.75,0.15,0.02044,0.002489818181818182,1.2109999999999999,0.046,-0.002,0.085,1
KELT-15,0.92,0.23,0.046130000000000004,0.023715,1.181,0.05,0.047,0.032,1
KELT-11,0.195,0.019,0.062290000000000005,0.012898564102564104,1.4380000000000002,0.052000000000000005,0.18,0.075,1
KELT-10,0.679,0.039,0.05249999999999999,0.007000927835051544,1.112,0.061,0.09,0.11,1
KELT-1,27.23,0.48,0.02472,0.0012615093646713182,1.335,0.063,0.052000000000000005,0.079,1
K2-99,0.97,0.09,0.159,0.03550515463917526,1.6,0.1,0.2,0.05,1
K2-95,1.67,1.66,0.0653,0.13431796407185628,0.43,0.02,0.2,0.1,1
HD 95338,0.12405999999999999,0.01299,0.231,0.057374818636143805,0.76,0.1,0.04,0.1,1
HD 92788,27.02,13.96,0.97,1.0223094004441156,1.15,0.07,0.27,0.02,1
HATS-32,0.92,0.1,0.04024,0.009277826086956521,1.099,0.044000000000000004,0.39,0.05,1
HATS-48A,0.243,0.03,0.037689999999999994,0.00941617283950617,0.7279,0.0066,0.18600000000000003,0.051,1
HATS-62,0.19,0.19,0.04186000000000001,0.08386000000000003,0.9109999999999999,0.009000000000000001,0.14,0.03,1
HATS-61,3.4,0.12,0.07904,0.005919294117647058,1.075,0.013999999999999999,0.24100000000000002,0.039,1
HATS-60,0.65,0.054000000000000006,0.0471,0.008045846153846155,1.1,0.016,0.33399999999999996,0.02,1
HATS-59,0.8059999999999999,0.069,0.06112000000000001,0.018064714640198515,1.038,0.039,0.18,0.064,1
HATS-57,3.147,0.073,0.03493,0.001920521131236098,1.026,0.026000000000000002,0.258,0.043,1
HATS-56,0.602,0.035,0.06043,0.007246744186046512,1.5730000000000002,0.017,0.19,0.024,1
HATS-55,0.9209999999999999,0.76,0.05412,0.0911185667752443,1.1955,0.0119,0.10800000000000001,0.03,1
HATS-54,0.76,0.1,0.037630000000000004,0.012302631578947367,1.0070000000000001,0.022000000000000002,0.396,0.031,1
HATS-53,0.595,0.08900000000000001,0.04753,0.014879058823529415,0.9640000000000001,0.04,0.01,0.066,1
HATS-52,2.24,0.15,0.024980000000000002,0.003745535714285715,1.111,0.054000000000000006,0.22,0.1,1
HATS-51,0.768,0.045,0.04639,0.006206328125,1.187,0.06,0.3,0.03,1
HATS-50,0.39,0.1,0.050460000000000005,0.026476923076923085,1.168,0.042,0.3,0.055999999999999994,1
HATS-5,0.237,0.012,0.0542,0.0060886075949367095,0.9359999999999999,0.027999999999999997,0.19,0.08,1
HATS-49,0.353,0.027000000000000003,0.04515,0.007066798866855527,0.7133,0.0075,0.20800000000000002,0.053,1
HATS-47,0.369,0.021,0.04269,0.0051090243902439025,0.674,0.012,-0.113,0.035,1
HD 89345,0.1123,0.0104,0.105,0.020747907390917187,1.12,0.01,0.45,0.04,1
HATS-46,0.17300000000000001,0.062,0.053669999999999995,0.038998670520231205,0.917,0.027000000000000003,-0.06,0.046,1
HATS-45,0.7,0.15,0.055110000000000006,0.024308571428571433,1.272,0.048,0.02,0.068,1
HATS-44,0.56,0.11,0.036489999999999995,0.014635357142857141,0.86,0.021,0.32,0.071,1
HATS-43,0.261,0.054000000000000006,0.04944,0.02091793103448276,0.8370000000000001,0.023,0.05,0.040999999999999995,1
HATS-42,1.88,0.15,0.03689,0.006536702127659574,1.273,0.067,0.22,0.07,1
HATS-41,9.7,1.6,0.0583,0.02023298969072165,1.496,0.075,0.47,0.040999999999999995,1
HATS-40,1.59,0.24,0.04997,0.015825283018867924,1.56,0.07,0.01,0.077,1
HATS-4,1.3230000000000002,0.027999999999999997,0.0362,0.0017322751322751322,1.001,0.02,0.43,0.08,1
HATS-38,0.07400000000000001,0.011000000000000001,0.05036,0.01520189189189189,0.89,0.012,-0.102,0.043,1
HATS-37A,0.099,0.042,0.04913,0.04191606060606061,0.843,0.012,0.051,0.028999999999999998,1
HATS-36,2.79,0.4,0.0529,0.01626845878136201,1.135,0.067,0.13,0.1,1
HATS-35,1.222,0.078,0.03199,0.004413829787234042,1.317,0.4,0.21,0.06,1
HATS-34,0.941,0.07200000000000001,0.03166,0.005184888416578109,0.955,0.031,0.25,0.07,1
HATS-33,1.192,0.053,0.03727,0.0036842785234899324,1.062,0.032,0.29,0.05,1
HATS-64,0.93,0.14,0.0656,0.020120537634408606,1.5619999999999998,0.026000000000000002,0.20800000000000002,0.039,1
HATS-65,0.7929999999999999,0.081,0.045110000000000004,0.009585409836065576,1.2690000000000001,0.031,0.233,0.066,1
HATS-66,5.5,1.4,0.04708999999999999,0.024493090909090902,1.406,0.046,-0.034,0.059000000000000004,1
HATS-67,1.4769999999999999,0.11699999999999999,0.030360000000000005,0.004949911983750848,1.44,0.02,0.34,0.044000000000000004,1
HD 87883,81.9,71.9,3.6,6.400879120879122,0.82,0.04,0.09300000000000001,0.04,1
HD 80653,0.0176,0.00135,0.0166,0.0028465909090909093,1.18,0.04,0.28,0.05,1
HD 80606,3.94,0.11,0.449,0.031071065989847716,0.98,0.1,0.43,0.06,1
HD 4747,66.6,3.5,16.4,5.023723723723723,0.82,0.04,-0.22,0.04,1
HD 332231,0.244,0.021,0.1436,0.02801803278688525,1.127,0.077,0.036000000000000004,0.057999999999999996,1
HD 286123,0.39799999999999996,0.037000000000000005,0.10400000000000001,0.020146683417085434,1.188,0.027999999999999997,0.1,0.04,1
HD 2685,1.18,0.09,0.0568,0.008864406779661018,1.44,0.02,0.02,0.03,1
HD 221416,0.1904,0.0179,0.1228,0.025689495798319324,1.212,0.07400000000000001,-0.08,0.08,1
HD 219666,0.0522,0.0041,0.06356,0.012634521072796934,0.92,0.03,0.04,0.04,1
HD 213885,0.027780000000000003,0.0020800000000000003,0.02012,0.003132930165586753,1.068,0.02,-0.04,0.03,1
HD 209458,0.69,0.017,0.04746999999999999,0.0028891014492753624,1.148,0.022000000000000002,0.02,0.05,1
HD 202772 A,1.008,0.079,0.0519,0.009335119047619047,1.703,0.12,0.29,0.24,1
HD 19467,52.0,4.3,51.10000000000001,9.451153846153847,0.95,0.02,-0.15,0.04,1
HD 189733,1.1420000000000001,0.025,0.03142,0.0018956567425569178,0.8,0.4,-0.03,0.04,1
HD 17156,3.195,0.034,0.1623,0.005454272300469484,1.275,0.018000000000000002,0.24,0.05,1
HD 168443,29.463,6.127999999999999,2.8373,1.1982582493296676,0.995,0.019,0.04,0.03,1
HD 149026,0.35700000000000004,0.011000000000000001,0.04288,0.002972464985994398,1.3,0.1,0.36,0.05,1
HD 1397,0.419,0.024,0.1097,0.013767064439140813,1.3219999999999998,0.042,0.27,0.05,1
HD 13724,50.5,3.3,26.3,4.337227722772278,1.14,0.06,0.23,0.02,1
HD 118203,2.173,0.08,0.07082000000000001,0.006314542107685229,1.23,0.03,0.1,0.05,1
HD 10697,6.837000000000001,0.532,2.14,0.4210349568524207,1.13,0.03,0.1,0.06,1
HATS-9,0.8390000000000001,0.03,0.03048,0.002559737783075089,1.03,0.04,0.34,0.05,1
HATS-8,0.138,0.019,0.046669999999999996,0.01340115942028985,1.056,0.037000000000000005,0.21,0.08,1
HATS-72,0.1254,0.0039,0.06651699999999999,0.0042224210526315776,0.7311,0.0028,0.099,0.013999999999999999,1
HATS-71A,0.45,0.24,0.03946,0.043770666666666666,0.569,0.069,0.237,0.063,1
HATS-70,12.9,1.6,0.03632,0.009879612403100774,1.78,0.12,0.04,0.1,1
HATS-7,0.12,0.012,0.040119999999999996,0.008454,0.8490000000000001,0.027000000000000003,0.25,0.08,1
HATS-69,0.5770000000000001,0.5770000000000001,0.03211,0.06441000000000001,0.892,0.016,0.377,0.034,1
HATS-68,1.286,0.073,0.05053,0.007276687402799378,1.337,0.11900000000000001,0.163,0.07,1
ups And,0.62,0.09,0.059000000000000004,0.018129032258064517,1.27,0.06,0.09,0.06,1
